{
   "Player" : {
      "Color" : {
         "a" : 1.0,
         "b" : 1.0,
         "g" : 1.0,
         "r" : 1.0
      },
      "Position" : {
         "x" : 300.0,
         "y" : 321.1499938964844,
         "z" : 0.0
      },
      "Size" : {
         "x" : 100.0,
         "y" : 26.29999732971191,
         "z" : 141.4199829101562
      }
   }
}
